Height of Christmas Tree,Weight of Mince Pies Consumed,Weight of Christmas Cake Consumes,Weight of Christmas Pudding Consumed,Weight of Turkey Consumed,Weight of Sprouts Consumed,Instructions:,Plot SCATTER PLOTS of the data and include the trend lines
158,188,187,298,271,546,,
42,281,6,33,-78,-77,,
38,472,188,212,98,90,,
162,116,124,238,214,498,,
18,550,219,229,100,46,,
182,-52,2,131,121,452,,
77,500,308,360,274,358,,
123,55,-29,57,5,197,,
135,217,161,256,212,433,,
65,318,97,141,46,102,,
175,124,162,286,271,586,,
25,265,-50,-35,-159,-197,,
180,35,85,212,201,527,,
20,525,199,210,83,33,,
114,289,184,263,204,375,,
86,233,62,121,42,147,,
107,310,189,263,199,354,,
93,327,172,236,162,283,,
156,102,95,205,176,446,,
44,287,17,46,-64,-57,,
200,-28,69,211,214,588,,
0,431,57,54,-88,-185,,
104,236,107,179,113,260,,
96,286,139,205,133,262,,
162,279,287,401,377,661,,
38,280,-4,20,-94,-102,,
82,331,151,207,125,221,,
118,288,192,274,218,398,,
140,323,279,377,337,569,,
60,181,-51,-11,-109,-65,,
78,368,178,231,146,232,,
122,209,123,208,155,345,,
85,380,207,265,185,288,,
115,99,-4,76,18,191,,
143,330,293,393,355,594,,
57,320,81,119,19,56,,
137,222,171,267,225,450,,
63,202,-23,19,-77,-26,,
99,436,296,364,294,430,,
101,155,19,89,21,161,,
32,577,279,299,180,159,,
168,19,40,159,139,437,,
5,586,225,225,87,2,,
195,-13,72,210,210,571,,
142,135,95,195,156,393,,
58,317,80,119,19,59,,
161,147,152,266,241,523,,
39,253,-29,-4,-118,-123,,
18,549,218,228,99,45,,
182,-114,-60,69,59,390,,
117,344,245,327,270,448,,
83,193,15,72,-10,89,,
141,221,179,278,239,473,,
59,251,17,56,-43,-1,,
135,101,45,140,96,317,,
65,319,98,142,47,103,,
139,145,98,196,155,385,,
61,363,133,174,76,123,,
67,239,23,68,-25,35,,
133,195,135,228,183,399,,
73,378,176,226,137,212,,
127,289,214,303,253,455,,
42,535,260,287,176,177,,
158,-28,-29,82,55,330,,
71,459,253,301,211,281,,
129,77,7,97,49,255,,
121,103,15,99,45,233,,
79,238,50,104,20,108,,
51,401,147,181,76,99,,
149,-20,-43,62,28,282,,
160,265,268,381,355,635,,
40,378,98,124,11,8,,
177,14,57,182,169,488,,
23,410,91,104,-21,-64,,
159,231,232,344,318,595,,
41,266,-11,15,-97,-98,,
114,350,245,324,265,436,,
86,151,-20,39,-40,65,,
133,208,148,241,196,412,,
67,234,18,63,-30,30,,
112,367,257,335,275,441,,
88,293,127,187,109,219,,
55,465,221,258,156,189,,
145,65,32,134,97,341,,
142,112,72,172,133,370,,
58,394,157,196,96,136,,
56,312,71,108,7,42,,
144,41,6,107,70,311,,
76,563,368,420,333,415,,
124,30,-52,35,-17,178,,
139,116,69,167,126,356,,
61,293,63,104,6,53,,
149,244,221,326,292,546,,
51,254,0,34,-71,-48,,
20,498,172,183,56,6,,
180,-154,-104,23,12,338,,
186,24,88,220,213,554,,
14,473,132,139,7,-57,,
117,180,81,163,106,284,,
83,278,100,157,75,174,,
48,369,109,140,33,49,,
152,123,107,214,183,443,,
197,38,128,268,269,636,,
3,377,10,9,-131,-221,,
150,170,149,255,222,478,,
50,288,32,65,-41,-20,,
117,253,154,236,179,357,,
83,368,190,247,165,264,,
20,543,217,228,101,51,,
180,104,154,281,270,596,,
6,543,184,185,48,-35,,
194,-86,-3,134,133,492,,
98,341,198,266,195,329,,
102,38,-96,-25,-93,50,,
71,402,196,244,154,224,,
129,47,-23,67,19,225,,
180,-9,41,168,157,483,,
20,477,151,162,35,-15,,
65,422,201,245,150,206,,
135,207,151,246,202,423,,
67,525,309,354,261,321,,
133,-9,-69,24,-21,195,,
110,390,276,352,290,452,,
90,150,-12,50,-26,88,,
146,198,168,271,235,482,,
54,310,63,99,-4,26,,
3,484,117,116,-24,-114,,
197,-151,-61,79,80,447,,
111,265,153,230,169,333,,
89,311,147,208,131,243,,
89,232,68,129,52,164,,
111,266,154,231,170,334,,
101,230,94,164,96,236,,
99,143,3,71,1,137,,
85,308,135,193,113,216,,
115,179,76,156,98,271,,
196,19,106,245,246,609,,
4,445,82,81,-58,-145,,
51,435,181,215,110,133,,
149,-18,-41,64,30,284,,
91,267,107,170,94,211,,
109,314,197,273,210,370,,
137,267,216,312,270,495,,
63,373,148,190,94,145,,
86,423,252,311,232,337,,
114,211,106,185,126,297,,
192,101,179,315,313,667,,
8,410,56,58,-78,-156,,
140,222,178,276,236,468,,
60,290,58,98,0,44,,
115,100,-3,77,19,192,,
85,296,123,181,101,204,,
89,394,230,291,214,326,,
111,275,163,240,179,343,,
23,619,300,313,188,145,,
177,-99,-56,69,56,375,,
192,-3,75,211,209,563,,
8,350,-4,-2,-138,-216,,
100,440,302,371,302,440,,
100,130,-8,61,-8,130,,
84,371,195,253,172,273,,
116,125,24,105,47,223,,
80,378,192,247,163,254,,
120,44,-47,37,-18,168,,
177,146,189,314,301,620,,
23,323,4,17,-108,-151,,
143,208,171,271,233,472,,
57,185,-54,-16,-116,-79,,
2,654,285,283,143,50,,
198,-120,-27,113,115,484,,
149,334,311,416,382,636,,
51,228,-26,8,-97,-74,,
149,125,102,207,173,427,,
51,232,-22,12,-93,-70,,
45,570,303,332,223,232,,
155,13,4,113,84,351,,
89,319,155,216,139,251,,
111,138,26,103,42,206,,
54,550,303,339,236,266,,
146,-24,-54,49,13,260,,
14,569,228,235,103,39,,
186,-125,-61,71,64,405,,
31,539,239,258,139,115,,
169,60,84,203,184,484,,
21,668,344,356,229,182,,
179,-178,-131,-4,-16,308,,
131,156,90,182,135,346,,
69,350,139,186,94,160,,
76,305,110,162,75,157,,
124,238,156,243,191,386,,
138,77,28,125,83,311,,
62,321,93,135,38,87,,
102,345,211,282,214,357,,
98,66,-77,-9,-80,54,,
122,45,-41,44,-9,181,,
78,430,240,293,208,294,,
179,110,157,284,272,596,,
21,471,147,159,32,-15,,
115,226,123,203,145,318,,
85,104,-69,-11,-91,12,,
131,104,38,130,83,294,,
69,412,201,248,156,222,,
175,-24,14,138,123,438,,
25,430,115,130,6,-32,,
57,418,179,217,117,154,,
143,91,54,154,116,355,,
174,17,53,176,161,473,,
26,334,22,37,-86,-122,,
35,576,285,307,191,176,,
165,-178,-163,-47,-69,222,,
153,132,118,226,195,458,,
47,296,33,64,-44,-30,,
88,269,103,163,85,195,,
112,249,139,217,157,323,,
41,513,236,262,150,149,,
159,-24,-23,89,63,340,,
173,6,40,162,146,456,,
27,471,161,177,55,21,,
190,46,119,254,250,600,,
10,472,122,126,-9,-82,,
124,391,309,396,344,539,,
76,232,37,89,2,84,,
114,239,134,213,154,325,,
86,185,14,73,-6,99,,
53,360,111,146,43,70,,
147,22,-5,98,63,312,,
182,87,141,270,260,591,,
18,468,137,147,18,-36,,
146,51,21,124,88,335,,
54,446,199,235,132,162,,
166,93,110,227,206,499,,
34,347,54,75,-42,-59,,
162,163,171,285,261,545,,
38,276,-8,16,-98,-106,,
40,329,49,75,-38,-41,,
160,102,105,218,192,472,,
73,327,125,175,86,161,,
127,147,72,161,111,313,,
22,477,155,168,42,-3,,
178,-67,-22,104,91,413,,
36,309,20,43,-73,-85,,
164,149,161,277,254,543,,
109,258,141,217,154,314,,
91,130,-30,33,-43,74,,
85,284,111,169,89,192,,
115,174,71,151,93,266,,
147,25,-2,101,66,315,,
53,377,128,163,60,87,,
2,749,380,378,238,145,,
198,-233,-140,0,2,371,,
62,295,67,109,12,61,,
138,56,7,104,62,290,,
10,523,173,177,42,-31,,
190,-26,47,182,178,528,,
119,367,273,356,301,483,,
81,212,30,85,2,96,,
15,511,173,180,49,-13,,
185,50,112,243,236,574,,
1,701,330,327,186,91,,
199,-69,26,167,170,541,,
154,-6,-17,91,61,326,,
46,525,260,290,182,193,,
50,488,232,265,159,180,,
150,73,52,158,125,381,,
95,200,50,116,43,170,,
105,295,168,241,175,325,,
145,57,24,126,89,333,,
55,497,253,290,188,221,,
79,403,215,269,185,273,,
121,90,2,86,32,220,,
198,84,177,317,319,688,,
2,407,38,36,-104,-197,,
48,477,217,248,141,157,,
152,-13,-29,78,47,307,,
31,399,99,118,-1,-25,,
169,-46,-22,97,78,378,,
148,276,251,355,321,572,,
52,363,112,146,42,67,,
84,198,22,80,-1,100,,
116,337,236,317,259,435,,
126,188,111,199,149,348,,
74,416,217,267,179,256,,
126,124,47,135,85,284,,
74,266,67,117,29,106,,
170,251,277,397,379,681,,
30,416,114,132,12,-14,,
180,-49,1,128,117,443,,
20,366,40,51,-76,-126,,
4,683,320,319,180,93,,
196,-90,-3,136,137,500,,
193,113,193,330,328,685,,
7,330,-27,-25,-162,-242,,
43,491,219,247,136,141,,
157,99,94,205,177,449,,
34,529,236,257,140,123,,
166,-156,-139,-22,-43,250,,
107,195,74,148,84,239,,
93,277,122,186,112,233,,
94,236,84,149,75,200,,
106,188,63,137,72,224,,
57,487,248,286,186,223,,
143,34,-3,97,59,298,,
188,-86,-17,116,111,456,,
12,570,225,230,97,28,,
1,744,373,370,229,134,,
199,-234,-139,2,5,376,,
109,346,229,305,242,402,,
91,208,48,111,35,152,,
119,148,54,137,82,264,,
81,288,106,161,78,172,,
71,357,151,199,109,179,,
129,17,-53,37,-11,195,,
126,383,306,394,344,543,,
74,261,62,112,24,101,,
4,677,314,313,174,87,,
196,-112,-25,114,115,478,,
47,397,134,165,57,71,,
153,191,177,285,254,517,,
34,605,312,333,216,199,,
166,-90,-73,44,23,316,,
144,209,174,275,238,479,,
56,386,145,182,81,116,,
41,472,195,221,109,108,,
159,158,159,271,245,522,,
169,93,117,236,217,517,,
31,384,84,103,-16,-40,,
161,43,48,162,137,419,,
39,515,233,258,144,139,,
111,315,203,280,219,383,,
89,209,45,106,29,141,,
66,428,210,254,160,218,,
134,231,173,267,223,441,,
179,-96,-49,78,66,390,,
21,452,128,140,13,-34,,
89,285,121,182,105,217,,
111,71,-41,36,-25,139,,
106,387,262,336,271,423,,
94,84,-68,-3,-77,48,,
2,540,171,169,29,-64,,
198,-122,-29,111,113,482,,
101,286,150,220,152,292,,
99,272,132,200,130,266,,
16,492,156,164,34,-26,,
184,-112,-52,78,70,406,,
73,486,284,334,245,320,,
127,110,35,124,74,276,,
157,-63,-68,43,15,287,,
43,421,149,177,66,71,,
13,624,281,287,155,88,,
187,-54,13,145,139,482,,
115,314,211,291,233,406,,
85,222,49,107,27,130,,
76,294,99,151,64,146,,
124,206,124,211,159,354,,
20,615,289,300,173,123,,
180,-144,-94,33,22,348,,
146,226,196,299,263,510,,
54,180,-67,-31,-134,-104,,
200,-99,-2,140,143,517,,
0,531,157,154,12,-85,,
160,269,272,385,359,639,,
40,316,36,62,-51,-54,,
155,-28,-37,72,43,310,,
45,360,93,122,13,22,,
196,111,198,337,338,701,,
4,369,6,5,-134,-221,,
113,171,63,142,82,251,,
87,303,134,194,115,223,,
120,151,60,144,89,275,,
80,300,114,169,85,176,,
192,19,97,233,231,585,,
8,395,41,43,-93,-171,,
33,580,284,305,187,168,,
167,75,94,212,191,487,,
74,319,120,170,82,159,,
126,225,148,236,186,385,,
64,528,305,348,253,306,,
136,46,-7,88,45,268,,
135,267,211,306,262,483,,
65,316,95,139,44,100,,
22,536,214,227,101,56,,
178,-79,-34,92,79,401,,
31,520,220,239,120,96,,
169,-54,-30,89,70,370,,
176,42,83,207,193,510,,
24,441,124,138,14,-27,,
152,137,121,228,197,457,,
48,331,71,102,-5,11,,
77,472,280,332,246,330,,
123,105,21,107,55,247,,
180,24,74,201,190,516,,
20,449,123,134,7,-43,,
39,470,188,213,99,94,,
161,-7,-2,112,87,369,,
100,291,153,222,153,291,,
100,110,-28,41,-28,110,,
166,47,64,181,160,453,,
34,435,142,163,46,29,,
184,-41,19,149,141,477,,
16,517,181,189,59,-1,,
164,94,106,222,199,488,,
36,479,190,213,97,85,,
175,220,258,382,367,682,,
25,366,51,66,-58,-96,,
109,394,277,353,290,450,,
91,142,-18,45,-31,86,,
80,379,193,248,164,255,,
120,210,119,203,148,334,,
122,252,166,251,198,388,,
78,191,1,54,-31,55,,
11,727,379,384,250,179,,
189,-241,-170,-36,-41,307,,
174,82,118,241,226,538,,
26,436,124,139,16,-20,,
45,377,110,139,30,39,,
155,70,61,170,141,408,,
17,498,165,174,45,-12,,
183,39,96,225,216,549,,
114,344,239,318,259,430,,
86,318,147,206,127,232,,
3,686,319,318,178,88,,
197,-93,-3,137,138,505,,
81,424,242,297,214,308,,
119,66,-28,55,0,182,,
35,399,108,130,14,-1,,
165,176,191,307,285,576,,
137,137,86,182,140,365,,
63,309,84,126,30,81,,
40,327,47,73,-40,-43,,
160,111,114,227,201,481,,
27,562,252,268,146,112,,
173,3,37,159,143,453,,
10,589,239,243,108,35,,
190,-98,-25,110,106,456,,
18,624,293,303,174,120,,
182,-11,43,172,162,493,,
163,147,157,272,249,535,,
37,332,46,69,-46,-56,,
180,7,57,184,173,499,,
20,572,246,257,130,80,,
108,110,-9,66,3,160,,
92,295,138,201,126,245,,
56,521,280,317,216,251,,
144,108,73,174,137,378,,
26,588,276,291,168,132,,
174,47,83,206,191,503,,
159,121,122,234,208,485,,
41,261,-16,10,-102,-103,,
123,226,142,228,176,368,,
77,391,199,251,165,249,,
22,602,280,293,167,122,,
178,-3,42,168,155,477,,
70,382,174,221,130,198,,
130,112,44,135,88,296,,
166,45,62,179,158,451,,
34,448,155,176,59,42,,
65,408,187,231,136,192,,
135,9,-47,48,4,225,,
56,565,324,361,260,295,,
144,-63,-98,3,-34,207,,
24,533,216,230,106,65,,
176,-102,-61,63,49,366,,
163,230,240,355,332,618,,
37,208,-78,-55,-170,-180,,
152,164,148,255,224,484,,
48,389,129,160,53,69,,
193,14,94,231,229,586,,
7,600,243,245,108,28,,
144,106,71,172,135,376,,
56,277,36,73,-28,7,,
162,45,53,167,143,427,,
38,350,66,90,-24,-32,,
153,192,178,286,255,518,,
47,439,176,207,99,113,,
10,591,241,245,110,37,,
190,-243,-170,-35,-39,311,,
164,136,148,264,241,530,,
36,303,14,37,-79,-91,,
85,318,145,203,123,226,,
115,181,78,158,100,273,,
62,357,129,171,74,123,,
138,83,34,131,89,317,,
42,327,52,79,-32,-31,,
158,47,46,157,130,405,,
130,182,114,205,158,366,,
70,368,160,207,116,184,,
105,354,227,300,234,384,,
95,233,83,149,76,203,,
178,156,201,327,314,636,,
22,362,40,53,-73,-118,,
16,533,197,205,75,15,,
184,-134,-74,56,48,384,,
172,25,56,178,161,469,,
28,367,59,76,-46,-77,,
92,432,275,338,263,382,,
108,201,82,157,94,251,,
74,524,325,375,287,364,,
126,-15,-92,-4,-54,145,,
31,637,337,356,237,213,,
169,-78,-54,65,46,346,,
152,243,227,334,303,563,,
48,380,120,151,44,60,,
42,551,276,303,192,193,,
158,64,63,174,147,422,,
146,127,97,200,164,411,,
54,346,99,135,32,62,,
129,45,-25,65,17,223,,
71,388,182,230,140,210,,
139,3,-44,54,13,243,,
61,367,137,178,80,127,,
67,474,258,303,210,270,,
133,57,-3,90,45,261,,
196,40,127,266,267,630,,
4,403,40,39,-100,-187,,
120,314,223,307,252,438,,
80,232,46,101,17,108,,
5,552,191,191,53,-32,,
195,-106,-21,117,117,478,,
141,299,257,356,317,551,,
59,223,-11,28,-71,-29,,
1,653,282,279,138,43,,
199,-69,26,167,170,541,,
12,423,78,83,-50,-119,,
188,34,103,236,231,576,,
146,211,181,284,248,495,,
54,333,86,122,19,49,,
24,422,105,119,-5,-46,,
176,140,181,305,291,608,,
131,343,277,369,322,533,,
69,160,-51,-4,-96,-30,,
176,44,85,209,195,512,,
24,472,155,169,45,4,,
111,359,247,324,263,427,,
89,144,-20,41,-36,76,,
141,111,69,168,129,363,,
59,325,91,130,31,73,,
138,126,77,174,132,360,,
62,434,206,248,151,200,,
20,572,246,257,130,80,,
180,-143,-93,34,23,349,,
178,25,70,196,183,505,,
22,439,117,130,4,-41,,
114,262,157,236,177,348,,
86,270,99,158,79,184,,
25,596,281,296,172,134,,
175,-109,-71,53,38,353,,
196,-55,32,171,172,535,,
4,564,201,200,61,-26,,
170,19,45,165,147,449,,
30,389,87,105,-15,-41,,
55,394,150,187,85,118,,
145,92,59,161,124,368,,
147,142,115,218,183,432,,
53,334,85,120,17,44,,
142,109,69,169,130,367,,
58,297,60,99,-1,39,,
128,226,153,243,194,398,,
72,435,231,280,190,263,,
153,238,224,332,301,564,,
47,396,133,164,56,70,,
89,266,102,163,86,198,,
111,305,193,270,209,373,,
165,72,87,203,181,472,,
35,383,92,114,-2,-17,,
107,123,2,76,12,167,,
93,286,131,195,121,242,,
29,480,174,192,71,42,,
171,-76,-47,74,56,362,,
92,182,25,88,13,132,,
108,285,166,241,178,335,,
113,300,192,271,211,380,,
87,219,50,110,31,139,,
193,-60,20,157,155,512,,
7,482,125,127,-10,-90,,
168,88,109,228,208,506,,
32,452,154,174,55,34,,
119,178,84,167,112,294,,
81,160,-22,33,-50,44,,
74,298,99,149,61,138,,
126,55,-22,66,16,215,,
53,299,50,85,-18,9,,
147,120,93,196,161,410,,
98,325,182,250,179,313,,
102,179,45,116,48,191,,
161,53,58,172,147,429,,
39,358,76,101,-13,-18,,
68,253,40,86,-6,57,,
132,108,45,137,91,304,,
12,532,187,192,59,-10,,
188,-107,-38,95,90,435,,
57,425,186,224,124,161,,
143,102,65,165,127,366,,
119,111,17,100,45,227,,
81,305,123,178,95,189,,
7,633,276,278,141,61,,
193,-149,-69,68,66,423,,
114,283,178,257,198,369,,
86,168,-3,56,-23,82,,
11,618,270,275,141,70,,
189,-225,-154,-20,-25,323,,
157,39,34,145,117,389,,
43,343,71,99,-12,-7,,
200,24,121,263,266,640,,
0,421,47,44,-98,-195,,
101,403,267,337,269,409,,
99,183,43,111,41,177,,
122,176,90,175,122,312,,
78,268,78,131,46,132,,
177,-29,14,139,126,445,,
23,366,47,60,-65,-108,,
120,226,135,219,164,350,,
80,183,-3,52,-32,59,,
192,-157,-79,57,55,409,,
8,638,284,286,150,72,,
149,75,52,157,123,377,,
51,402,148,182,77,100,,
21,449,125,137,10,-37,,
179,56,103,230,218,542,,
190,94,167,302,298,648,,
10,533,183,187,52,-21,,
98,270,127,195,124,258,,
102,248,114,185,117,260,,
187,59,126,258,252,595,,
13,522,179,185,53,-14,,
188,-71,-2,131,126,471,,
12,463,118,123,-10,-79,,
1,511,140,137,-4,-99,,
199,-22,73,214,217,588,,
12,567,222,227,94,25,,
188,32,101,234,229,574,,
125,113,34,121,70,267,,
75,287,90,141,54,133,,
187,-47,20,152,146,489,,
13,620,277,283,151,84,,
123,218,134,220,168,360,,
77,286,94,146,60,144,,
165,184,199,315,293,584,,
35,219,-72,-50,-166,-181,,
22,499,177,190,64,19,,
178,-64,-19,107,94,416,,
174,125,161,284,269,581,,
26,385,73,88,-35,-71,,
131,279,213,305,258,469,,
69,148,-63,-16,-108,-42,,
157,-31,-36,75,47,319,,
43,368,96,124,13,18,,
58,293,56,95,-5,35,,
142,158,118,218,179,416,,
13,703,360,366,234,167,,
187,-213,-146,-14,-20,323,,
178,40,85,211,198,520,,
22,552,230,243,117,72,,
147,184,157,260,225,474,,
53,251,2,37,-66,-39,,
135,296,240,335,291,512,,
65,242,21,65,-30,26,,
170,190,216,336,318,620,,
30,325,23,41,-79,-105,,
134,72,14,108,64,282,,
66,445,227,271,177,235,,
88,366,200,260,182,292,,
112,-8,-118,-40,-100,66,,
133,244,184,277,232,448,,
67,280,64,109,16,76,,
3,555,188,187,47,-43,,
197,-175,-85,55,56,423,,
65,326,105,149,54,110,,
135,58,2,97,53,274,,
94,293,141,206,132,257,,
106,164,39,113,48,200,,
105,391,264,337,271,421,,
95,178,28,94,21,148,,
60,400,168,208,110,154,,
140,92,48,146,106,338,,
106,274,149,223,158,310,,
94,232,80,145,71,196,,
89,239,75,136,59,171,,
111,269,157,234,173,337,,
162,79,87,201,177,461,,
38,312,28,52,-62,-70,,
2,627,258,256,116,23,,
198,13,106,246,248,617,,
139,335,288,386,345,575,,
61,227,-3,38,-60,-13,,
140,202,158,256,216,448,,
60,304,72,112,14,58,,
49,602,344,376,270,288,,
151,27,9,115,83,341,,
21,487,163,175,48,1,,
179,58,105,232,220,544,,
187,-56,11,143,137,480,,
13,483,140,146,14,-53,,
145,95,62,164,127,371,,
55,387,143,180,78,111,,
75,267,70,121,34,113,,
125,212,133,220,169,366,,
107,447,326,400,336,491,,
93,132,-23,41,-33,88,,
78,387,197,250,165,251,,
122,57,-29,56,3,193,,
192,38,116,252,250,604,,
8,352,-2,0,-136,-214,,
24,533,216,230,106,65,,
176,68,109,233,219,536,,
7,545,188,190,53,-27,,
193,-39,41,178,176,533,,
120,198,107,191,136,322,,
80,222,36,91,7,98,,
143,137,100,200,162,401,,
57,407,168,206,106,143,,
41,443,166,192,80,79,,
159,-5,-4,108,82,359,,
128,247,174,264,215,419,,
72,116,-88,-39,-129,-56,,
59,410,176,215,116,158,,
141,36,-6,93,54,288,,
2,737,368,366,226,133,,
198,-82,11,151,153,522,,
159,149,150,262,236,513,,
41,429,152,178,66,65,,
14,473,132,139,7,-57,,
186,-16,48,180,173,514,,
142,73,33,133,94,331,,
58,260,23,62,-38,2,,
21,591,267,279,152,105,,
179,-5,42,169,157,481,,
26,665,353,368,245,209,,
174,-179,-143,-20,-35,277,,
51,511,257,291,186,209,,
149,-25,-48,57,23,277,,
26,688,376,391,268,232,,
174,-183,-147,-24,-39,273,,
120,123,32,116,61,247,,
80,406,220,275,191,282,,
176,112,153,277,263,580,,
24,433,116,130,6,-35,,
117,154,55,137,80,258,,
83,355,177,234,152,251,,
89,194,30,91,14,126,,
111,144,32,109,48,212,,
9,685,333,336,201,125,,
191,-132,-56,79,76,428,,
66,260,42,86,-8,50,,
134,264,206,300,256,474,,
138,205,156,253,211,439,,
62,339,111,153,56,105,,
176,-10,31,155,141,458,,
24,438,121,135,11,-30,,
90,396,234,296,220,334,,
110,54,-60,16,-46,116,,
126,95,18,106,56,255,,
74,366,167,217,129,206,,
12,434,89,94,-39,-108,,
188,57,126,259,254,599,,
147,120,93,196,161,410,,
53,270,21,56,-47,-20,,
190,23,96,231,227,577,,
10,502,152,156,21,-52,,
157,183,178,289,261,533,,
43,348,76,104,-7,-2,,
167,197,216,334,313,609,,
33,403,107,128,10,-9,,
171,174,203,324,306,612,,
29,415,109,127,6,-23,,
145,310,277,379,342,586,,
55,288,44,81,-21,12,,
50,475,219,252,146,167,,
150,121,100,206,173,429,,
33,579,283,304,186,167,,
167,-128,-109,9,-12,284,,
142,355,315,415,376,613,,
58,194,-43,-4,-104,-64,,
117,411,312,394,337,515,,
83,175,-3,54,-28,71,,
95,150,0,66,-7,120,,
105,183,56,129,63,213,,
151,75,57,163,131,389,,
49,422,164,196,90,108,,
121,214,126,210,156,344,,
79,250,62,116,32,120,,
22,367,45,58,-68,-113,,
178,30,75,201,188,510,,
126,144,67,155,105,304,,
74,353,154,204,116,193,,
1,559,188,185,44,-51,,
199,-111,-16,125,128,499,,
111,228,116,193,132,296,,
89,364,200,261,184,296,,
91,347,187,250,174,291,,
109,167,50,126,63,223,,
26,503,191,206,83,47,,
174,-50,-14,109,94,406,,
88,328,162,222,144,254,,
112,125,15,93,33,199,,
19,375,47,57,-71,-123,,
181,4,56,184,174,502,,
64,242,19,62,-33,20,,
136,109,56,151,108,331,,
112,400,290,368,308,474,,
88,179,13,73,-5,105,,
175,-59,-21,103,88,403,,
25,481,166,181,57,19,,
30,367,65,83,-37,-63,,
170,153,179,299,281,583,,
150,176,155,261,228,484,,
50,368,112,145,39,60,,
49,537,279,311,205,223,,
151,-18,-36,70,38,296,,
125,142,63,150,99,296,,
75,237,40,91,4,83,,
68,262,49,95,3,66,,
132,200,137,229,183,396,,
46,548,283,313,205,216,,
154,-25,-36,72,42,307,,
40,476,196,222,109,106,,
160,-20,-17,96,70,350,,
21,584,260,272,145,98,,
179,-3,44,171,159,483,,
130,318,250,341,294,502,,
70,261,53,100,9,77,,
190,108,181,316,312,662,,
10,421,71,75,-60,-133,,
49,354,96,128,22,40,,
151,39,21,127,95,353,,
46,487,222,252,144,155,,
154,60,49,157,127,392,,
20,518,192,203,76,26,,
180,-57,-7,120,109,435,,
105,256,129,202,136,286,,
95,191,41,107,34,161,,
63,491,266,308,212,263,,
137,27,-24,72,30,255,,
7,654,297,299,162,82,,
193,-115,-35,102,100,457,,
115,135,32,112,54,227,,
85,169,-4,54,-26,77,,
134,187,129,223,179,397,,
66,433,215,259,165,223,,
148,198,173,277,243,494,,
52,246,-5,29,-75,-50,,
108,247,128,203,140,297,,
92,255,98,161,86,205,,
125,195,116,203,152,349,,
75,152,-45,6,-81,-2,,
120,54,-37,47,-8,178,,
80,395,209,264,180,271,,
41,484,207,233,121,120,,
159,102,103,215,189,466,,
32,579,281,301,182,161,,
168,-22,-1,118,98,396,,
125,223,144,231,180,377,,
75,369,172,223,136,215,,
27,465,155,171,49,15,,
173,124,158,280,264,574,,
60,361,129,169,71,115,,
140,138,94,192,152,384,,
148,154,129,233,199,450,,
52,438,187,221,117,142,,
35,476,185,207,91,76,,
165,36,51,167,145,436,,
60,514,282,322,224,268,,
140,54,10,108,68,300,,
91,411,251,314,238,355,,
109,56,-61,15,-48,112,,
104,232,103,175,109,256,,
96,270,123,189,117,246,,
150,163,142,248,215,471,,
50,402,146,179,73,94,,
24,561,244,258,134,93,,
176,-4,37,161,147,464,,
22,533,211,224,98,53,,
178,-171,-126,0,-13,309,,
189,113,184,318,313,661,,
11,479,131,136,2,-69,,
144,127,92,193,156,397,,
56,268,27,64,-37,-2,,
96,303,156,222,150,279,,
104,165,36,108,42,189,,
54,434,187,223,120,150,,
146,-19,-49,54,18,265,,
80,426,240,295,211,302,,
120,211,120,204,149,335,,
77,352,160,212,126,210,,
123,73,-11,75,23,215,,
20,546,220,231,104,54,,
180,-13,37,164,153,479,,
178,150,195,321,308,630,,
22,293,-29,-16,-142,-187,,
48,501,241,272,165,181,,
152,72,56,163,132,392,,
44,507,237,266,156,163,,
156,6,-1,109,80,350,,
183,41,98,227,218,551,,
17,462,129,138,9,-48,,
26,640,328,343,220,184,,
174,-8,28,151,136,448,,
116,198,97,178,120,296,,
84,237,61,119,38,139,,
16,616,280,288,158,98,,
184,-23,37,167,159,495,,
150,91,70,176,143,399,,
50,389,133,166,60,81,,
9,518,166,169,34,-42,,
191,-84,-8,127,124,476,,
31,552,252,271,152,128,,
169,-115,-91,28,9,309,,
172,212,243,365,348,656,,
28,293,-15,2,-120,-151,,
67,348,132,177,84,144,,
133,212,152,245,200,416,,
197,132,222,362,363,730,,
3,367,0,-1,-141,-231,,
185,-66,-4,127,120,458,,
15,552,214,221,90,28,,
94,247,95,160,86,211,,
106,153,28,102,37,189,,
5,471,110,110,-28,-113,,
195,10,95,233,233,594,,
92,358,201,264,189,308,,
108,164,45,120,57,214,,
44,625,355,384,274,281,,
156,-91,-98,12,-17,253,,
10,575,225,229,94,21,,
190,15,88,223,219,569,,
49,427,169,201,95,113,,
151,99,81,187,155,413,,
145,107,74,176,139,383,,
55,451,207,244,142,175,,
115,227,124,204,146,319,,
85,168,-5,53,-27,76,,
5,707,346,346,208,123,,
195,-105,-20,118,118,479,,
124,242,160,247,195,390,,
76,172,-23,29,-58,24,,
102,346,212,283,215,358,,
98,140,-3,65,-6,128,,
120,316,225,309,254,440,,
80,160,-26,29,-55,36,,
68,399,186,232,140,203,,
132,105,42,134,88,301,,
83,246,68,125,43,142,,
117,191,92,174,117,295,,
53,387,138,173,70,97,,
147,192,165,268,233,482,,
126,215,138,226,176,375,,
74,300,101,151,63,140,,
190,-97,-24,111,107,457,,
10,481,131,135,0,-73,,
114,320,215,294,235,406,,
86,211,40,99,20,125,,
17,565,232,241,112,55,,
183,59,116,245,236,569,,
41,297,20,46,-66,-67,,
159,108,109,221,195,472,,
152,80,64,171,140,400,,
48,365,105,136,29,45,,
187,163,230,362,356,699,,
13,372,29,35,-97,-164,,
188,44,113,246,241,586,,
12,431,86,91,-42,-111,,
52,530,279,313,209,234,,
148,10,-15,89,55,306,,
107,311,190,264,200,355,,
93,310,155,219,145,266,,
82,245,65,121,39,135,,
118,203,107,189,133,313,,
114,304,199,278,219,390,,
86,146,-25,34,-45,60,,
47,439,176,207,99,113,,
153,7,-7,101,70,333,,
191,125,201,336,333,685,,
9,374,22,25,-110,-186,,
29,522,216,234,113,84,,
171,35,64,185,167,473,,
39,500,218,243,129,124,,
161,-4,1,115,90,372,,
108,313,194,269,206,363,,
92,100,-57,6,-69,50,,
156,186,179,289,260,530,,
44,306,36,65,-45,-38,,
5,576,215,215,77,-8,,
195,-36,49,187,187,548,,
74,466,267,317,229,306,,
126,-8,-85,3,-47,152,,
171,11,40,161,143,449,,
29,378,72,90,-31,-60,,
105,310,183,256,190,340,,
95,135,-15,51,-22,105,,
157,107,102,213,185,457,,
43,446,174,202,91,96,,
121,150,62,146,92,280,,
79,322,134,188,104,192,,
34,473,180,201,84,67,,
166,93,110,227,206,499,,
50,481,225,258,152,173,,
150,150,129,235,202,458,,
106,195,70,144,79,231,,
94,210,58,123,49,174,,
90,444,282,344,268,382,,
110,78,-36,40,-22,140,,
110,78,-36,40,-22,140,,